,post_title,comments,date_time,comment_type
0,This is a pretty nice Derby Scarf. Inaccurate but nice.,why is it inaccurate?,2020-08-18 14:06:54,
1,This is a pretty nice Derby Scarf. Inaccurate but nice.,We sure aren‚Äôt playing in The Bronx this year.,2020-08-18 14:45:41,
2,This is a pretty nice Derby Scarf. Inaccurate but nice.,Do you know if all STH get them?,2020-08-18 14:36:16,
3,This is a pretty nice Derby Scarf. Inaccurate but nice.,I would guess so but I honestly don‚Äôt know.,2020-08-18 14:46:09,
4,This is a pretty nice Derby Scarf. Inaccurate but nice.,I have a Fedex I'm not expecting arriving some time today and I cancelled my tickets and got a refund weeks ago.  Might not be this but can't think what else it'd be.,2020-08-18 15:33:19,
5,Adidas 30% off on Gotham Kit,"Will we call all 2020 kits the ""Corona kit""?",2020-03-21 14:38:06,
6,Adidas 30% off on Gotham Kit,"It's the Brooklyn Kit, but Corona Park is in Queens ¬Ø\\\_(„ÉÑ)_/¬Ø",2020-03-23 02:57:13,
7,Adidas 30% off on Gotham Kit,"Still way too expensive, in order to promote the league the should be sold for about $60.00. How greedy can they get?",2020-03-21 15:04:39,
8,Adidas 30% off on Gotham Kit,"People buying a kit already know the league why would they drop the price to ""promote"" it",2020-03-21 16:17:56,
9,Adidas 30% off on Gotham Kit,How much is it to get customized at those places?,2020-03-28 01:14:09,
10,Adidas 30% off on Gotham Kit,I haven‚Äôt taken mine yet for obvious reasons lol but I read $30ish for name/number and maybe $5 more for arm patch,2020-03-28 01:15:10,
11,Adidas 30% off on Gotham Kit,"If it was cheaper people will buy more, I know I would.",2020-03-21 18:34:28,
12,Adidas 30% off on Gotham Kit,Every time you wear your jersey the league is promoted,2020-03-21 18:35:04,jersey
13,Are there any NYCFC stops or stores around in NYC?,Does Pele Soccer in Times Square have a good selection? Was thinking about stopping by there,2020-02-15 12:15:32,
14,Are there any NYCFC stops or stores around in NYC?,They have some neat stuff. Their MLS section is decent. Honestly if you're in the area it's worth a stop even if just to admire all the kits from around the world,2020-02-15 15:43:54,
15,Are there any NYCFC stops or stores around in NYC?,Yes it‚Äôs so good I went they had everything you could want,2020-02-19 02:23:25,
16,Are there any NYCFC stops or stores around in NYC?,"Adidas Flagship Store
565 5th Ave",2020-02-15 04:13:38,
17,Are there any NYCFC stops or stores around in NYC?,[deleted],2020-02-15 05:26:42,
18,Are there any NYCFC stops or stores around in NYC?,Pele Soccer in Times Square,2020-02-15 14:09:45,
19,Are there any NYCFC stops or stores around in NYC?,Upper 90,2020-02-15 16:34:49,
20,Are there any NYCFC stops or stores around in NYC?,Thanks for the tip about pele soccer I‚Äôm going there tonight!,2020-02-16 19:38:12,
21,Are there any NYCFC stops or stores around in NYC?,The store mentioned above for limited selection or yankee stadium,2020-02-15 09:12:30,
22,Full view of the new Secondary Kit,They‚Äôre starting to grow on me,2020-02-06 18:04:12,
23,Full view of the new Secondary Kit,the 3 stripes on the socks go really well with the shoulder ones,2020-02-07 08:25:36,
24,Full view of the new Secondary Kit,Been trying to figure out what the writing down the left side (if you were wearing it) says. Haven't seen a good picture of that element..,2020-02-06 20:09:45,
25,Full view of the new Secondary Kit,"I think it says ""For the City""",2020-02-06 20:27:50,
26,Full view of the new Secondary Kit,the lettering/number is really nice imo,2020-02-07 00:03:22,
27,Full view of the new Secondary Kit,"Yeah, looks much better with the rest of the kit.",2020-02-07 00:13:08,
28,Full view of the new Secondary Kit,Pushing New Jerseys before addressing the fact that we'll be playing a home game in New Jersey. I hate our FO communications team.,2020-02-06 18:38:23,
29,2020 New York City FC jersey - Gotham Kit,"‚ÄúThe front of the shirt is inspired by the iconic architecture of the Brooklyn Bridge, while other details invoke the scenery of New York Harbor.‚Äù

Uhhh lol ok 

I‚Äôm still buying one but not sure about that description lol",2020-02-06 01:38:25,shirt
30,2020 New York City FC jersey - Gotham Kit,‚ÄúIt‚Äôs called fashion. Look it up‚Äù,2020-02-06 02:18:37,
31,2020 New York City FC jersey - Gotham Kit,"Yeah I really don‚Äôt get the Brooklyn bridge connection. I love a good nyc tie in, but I don‚Äôt see it...",2020-02-06 03:22:51,
32,2020 New York City FC jersey - Gotham Kit,Bold claim considering this is a template that was made years ago.,2020-02-06 15:29:52,
33,2020 New York City FC jersey - Gotham Kit,"It may be a stretch, but they could have drawn inspiration from the suspension cables and the way they cross each other to form a pattern. You can see it in photos [like this](https://images.app.goo.gl/Q4T6MP2r6YsxG6jw9). 

I think of inspiration as a starting point ‚Äî almost like a conceptual anchor that you can then start to experiment with and take in virtually endless directions. This may be one of infinite ways that that concept manifests itself visually.",2020-02-06 13:28:32,
34,2020 New York City FC jersey - Gotham Kit,Definitely not buying that bullshit,2020-02-06 05:08:33,
35,2020 New York City FC jersey - Gotham Kit,I think its quite nice,2020-02-06 01:32:06,
36,2020 New York City FC jersey - Gotham Kit,I like it. And god the jacket is so nice. But I already have so many damn NYC jackets...,2020-02-06 01:42:27,jacket
37,2020 New York City FC jersey - Gotham Kit,Which jacket?,2020-02-06 03:30:09,jacket
38,2020 New York City FC jersey - Gotham Kit,"It's wack, there I said it",2020-02-06 14:41:55,
39,2020 New York City FC jersey - Gotham Kit,Anyone going to the Adidas Store in midtown today and wanna let us know if there are any number sets yet?????,2020-02-06 15:47:23,
40,2020 New York City FC jersey - Gotham Kit,So like is it only available online ?,2020-02-06 02:50:35,
41,2020 New York City FC jersey - Gotham Kit,I love it - got a great NYC streetwear look to it.,2020-02-06 12:05:39,
42,2020 New York City FC jersey - Gotham Kit,"Hmm. I thought they looked ok at first. But I'm not a huge fan now. They will probably look cool on TV as long as Taty, Isy, and Heber are still scoring!",2020-02-06 07:09:30,
43,2020 New York City FC jersey - Gotham Kit,It‚Äôs weirdly meh without fully being meh. Idk which way to lean.,2020-02-06 12:31:52,
44,2020 New York City FC jersey - Gotham Kit,How long will these be available?,2020-02-06 13:34:44,
45,2020 New York City FC jersey - Gotham Kit,Why do all (?) the 2020 MLS kits have three stripes on the shoulder?,2020-02-06 14:40:25,
46,2020 New York City FC jersey - Gotham Kit,"They're trying to imitate older designs from MLS first season, some of it can be found in the article below:

[https://www.inquirer.com/soccer/inter-miami-jersey-2020-mls-adidas-philadelphia-union-kit-20200206.html](https://www.inquirer.com/soccer/inter-miami-jersey-2020-mls-adidas-philadelphia-union-kit-20200206.html)",2020-02-06 16:26:11,jersey
47,2020 New York City FC jersey - Gotham Kit,Looks like an apron over a kit,2020-02-06 15:09:17,
48,2020 New York City FC jersey - Gotham Kit,Not a fan. I really don't like this Adidas template with the three huge shoulder stripes.,2020-02-06 15:47:29,
49,2020 New York City FC jersey - Gotham Kit,Wow New Jersey,2020-02-06 01:26:51,
50,2020 New York City FC jersey - Gotham Kit,"HA, good one, but wish that wasn't so damn true!",2020-02-06 04:24:50,
51,Replica,Why do we refuse to use orange?,2020-01-29 18:53:34,
52,Replica,"Orange on back lol


https://pbs.twimg.com/media/EPdpztcX4AIOe31?format=jpg&name=large",2020-01-29 19:24:17,
53,Replica,Not our primary colors or secondary colors,2020-01-29 18:54:32,
54,Replica,"Wish the pattern was different, otherwise I‚Äôm fine with it",2020-01-29 18:48:07,
55,Replica,it's even worse than the pictures.,2020-01-29 19:41:28,
56,Replica,I have a 90s German kit with a similar vibe so I‚Äôm into it.,2020-01-29 19:51:48,
57,Leaked Away Kit,So we're basically getting a parley jersey as our full time kit. I don't hate it but I don't love it. Wish we weren't so afraid of featuring orange in our kit designs.,2020-01-29 17:20:53,jersey
58,Leaked Away Kit,Is boring and safe. Is forgettable,2020-01-29 21:44:34,
59,Leaked Away Kit,"I need to see it on a person. I'm inclined to say this looks bad, but I've said it about our other kit's, and they looked good on people.",2020-01-29 17:51:38,
60,Leaked Away Kit,"I think that was the case last change kit with the ""wings"". They ended up looking good on person, on field. I don't think this will be the same. Those stripes on the shoulder are disgusting.",2020-01-29 23:59:42,
61,Leaked Away Kit,"please sir, may we have a crumb of orange",2020-01-29 18:14:31,
62,Leaked Away Kit,Couldn't even make the stripes light blue or orange? God Adidas sucks.,2020-01-29 17:07:16,
63,Leaked Away Kit,"Orange stripes with this would look horrible, though.",2020-01-29 17:57:00,
64,Leaked Away Kit,"Orange on back


https://pbs.twimg.com/media/EPdpztcX4AIOe31?format=jpg&name=large",2020-01-29 19:19:03,
65,Leaked Away Kit,">https://pbs.twimg.com/media/EPdpztcX4AIOe31?format=jpg&name=large

let me whip out my magnifying glass",2020-01-30 15:02:09,
66,Leaked Away Kit,Looks like the Galaxy‚Äôs away kit,2020-01-29 17:14:46,
67,Leaked Away Kit,Its nearly identical,2020-01-29 19:01:51,
68,Leaked Away Kit,This stinks,2020-01-29 18:03:16,
69,Leaked Away Kit,"More orange please. Also wish we had a more creative / relevant pattern. 

The timber design for Portland was incredible.",2020-01-29 18:20:22,
70,Leaked Away Kit,Hmmmm...needs a little more pop to it,2020-01-29 18:01:53,
71,Leaked Away Kit,It's one of the better ones from Adidas. Cant complain too much seeing just how bad the rest are.,2020-01-29 18:13:45,
72,Leaked Away Kit,"IDK - I LOVE IT. It's a nice shirt! You can all hate it, it'll make it easier for me to buy 10 of them",2020-01-29 18:44:04,shirt
73,Leaked Away Kit,I really like it! Not as distinctive as the sonic boom one or whatever that was called but in the same vein.,2020-01-29 17:16:41,
74,Leaked Away Kit,Don't you dare disrespect the hypnokit.,2020-01-29 18:06:23,
75,Leaked Away Kit,The water droplet,2020-01-29 20:38:50,
76,Leaked Away Kit,The Onion Kit. (It‚Äôs like an ogre.  Layers),2020-01-30 01:04:23,
77,Leaked Away Kit,"1 of the three stripes could have been orange.  

The 3 stripes could have been stitched on the outside with orange.  

6 random diamonds could have been orange. (6 seasons).

Adidas give us a third kit for CCL, US open cup that is ALL orange.",2020-01-29 18:50:23,
78,Leaked Away Kit,I like it!  Anything that is not white and an away kit is a plus!,2020-01-29 19:14:36,
79,Leaked Away Kit,Don‚Äôt love it but I‚Äôll buy it cause I have every NYCFC kit that has came out so far.,2020-01-29 19:57:42,
80,Leaked Away Kit,Oh no,2020-01-29 17:07:11,
81,Leaked Away Kit,I am disappointed in this year's away kit,2020-01-29 17:55:40,
82,Leaked Away Kit,I like it,2020-01-29 17:10:59,
83,Leaked Away Kit,"My biggest issues are the amount of near identical color navy kits released and for some reason the picture feels more like a training top (but I think that's more of the photo and I'll like it more in person).

Think they would have been better off with going with a straight navy color or pinstripes.",2020-01-29 17:14:55,
84,Leaked Away Kit,this reminds me of Scotland circa 1994,2020-01-29 17:57:08,
85,Leaked Away Kit,I don‚Äôt hate it.,2020-01-29 18:05:37,
86,Leaked Away Kit,Needs a little orange somewhere but pretty nice overall,2020-01-29 20:12:24,
87,Leaked Away Kit,First away kit i'm not buying,2020-01-29 17:26:41,
88,Leaked Away Kit,Same.,2020-01-29 23:54:41,
89,Leaked Away Kit,Can we change the white to City blue?,2020-01-29 20:27:36,
90,Leaked Away Kit,It will look better with a star above the shield next season.,2020-01-29 21:53:48,
91,Leaked Away Kit,Looks amazing to me. Idk why everyone is up in arms,2020-01-30 02:21:38,
92,Leaked Away Kit,I‚Äôm disappointed.,2020-01-29 17:13:13,
93,Leaked Away Kit,This is terrible,2020-01-29 17:08:57,
94,Leaked Away Kit,"NYCFC is alright , but the overall kits just SCREAM OUT ‚Äúprivate league‚Äù",2020-01-29 18:50:56,
95,Leaked Away Kit,idk... I like it. will buy.,2020-01-29 20:45:08,
96,Leaked Away Kit,"I really like it! Not a big fan of the 3 stripes on the shoulder, but the rest looks great!",2020-01-29 21:43:44,
97,Leaked Away Kit,What the hell is this,2020-01-30 00:07:35,
98,Leaked Away Kit,"Reminds me of the LA Galaxy away kit last year

[https://assets.adidas.com/images/w\_600,f\_auto,q\_auto/5d2587f4f08d4fc283a3a9ae012ed68d\_9366/LA\_Galaxy\_Away\_Authentic\_Jersey\_Blue\_DP4838.jpg](https://assets.adidas.com/images/w_600,f_auto,q_auto/5d2587f4f08d4fc283a3a9ae012ed68d_9366/LA_Galaxy_Away_Authentic_Jersey_Blue_DP4838.jpg)",2020-01-30 01:08:37,
99,Leaked Away Kit,Ugh. These are bad. Definitely skipping this year.,2020-01-29 23:54:23,
100,Leaked Away Kit,"Ooof, that's ugly. That downward sloping line around the collarbone is confusing. Definitely won't be buying this one ever.",2020-01-30 00:06:48,
101,2020 Away Kit,Feel like I‚Äôm actually going to enjoy our version of this template.,2020-01-28 19:12:27,
102,2020 Away Kit,White and Navy are a very good combination. It‚Äôs very neutral and suits the template well. I‚Äôll need to see more of it but based on the hoodies and jackets it‚Äôs a nice look,2020-01-28 19:19:10,jacket
103,2020 Away Kit,What template? I can't even tell what's going on in this screenshot. Just looks like a blurry NYCFC badge.,2020-01-28 22:06:18,
104,2020 Away Kit,"Source is this [video](https://twitter.com/MLS/status/1222217780998606855), for those that hadn't seen the MLS tweet.",2020-01-28 19:58:37,
105,2020 Away Kit,Is that a collar or something?,2020-01-28 19:51:59,
106,2020 Away Kit,"No, somewhat like a v neck",2020-01-28 19:55:19,
107,2020 Away Kit,Oh god it‚Äôs gonna have one of those horrible shoulder stripes isn‚Äôt it,2020-01-28 20:31:40,
108,2020 Away Kit,Every kit does. Fucking Adidas.,2020-01-28 21:56:08,
109,New 2020 Attire (not jersey),That travel jacket is beautiful,2020-01-14 13:31:49,jacket
110,New 2020 Attire (not jersey),"I like the colors. I‚Äôm hopeful the new away kit is in similar fashion, even though we know it‚Äôll be a dark blue with white",2020-01-14 13:33:17,
111,New 2020 Attire (not jersey),It seems awkwardly long...,2020-01-14 18:19:47,
112,New 2020 Attire (not jersey),It's not a jacket. It's a quarter zip with a hood.,2020-01-14 18:39:25,jacket
113,Have a few NYCFC items for sale including the R2D2 t-shirt,[deleted],2019-11-25 18:19:45,
114,Have a few NYCFC items for sale including the R2D2 t-shirt,"i'm sorry, it's spoken for :/",2019-11-27 14:33:56,
115,Have a few NYCFC items for sale including the R2D2 t-shirt,How much are you asking for the r2d2 shirt? Other shirt is to big on me.,2019-11-26 07:12:13,shirt
116,Have a few NYCFC items for sale including the R2D2 t-shirt,"sorry, it is spoken for :/

the other stuff that is not pictured is size medium, so let me know if you're interested in anything else.",2019-11-27 14:33:45,
117,Have a few NYCFC items for sale including the R2D2 t-shirt,"If you don‚Äôt sell the R2-D2 by Sunday, I may be interested... depending on who I get for secret Santa!",2019-11-25 21:05:21,
118,Have a few NYCFC items for sale including the R2D2 t-shirt,"i'm sorry, it's spoken for :/",2019-11-27 14:34:24,
119,At the main team store today if anybody wants to stop by before the match.,cant even include the 2019 jersey smh how about season ticket holder appreciation day and include the 2019 jersey in that discount.,2019-09-25 20:42:45,jersey
120,Anyone know where in the city I can buy an NYCFC hoodie/sweatshirt/jacket?,"The Adidas flagship store, 
565 5th Ave in midtown Manhattan.",2019-09-25 03:22:13,
121,Anyone know where in the city I can buy an NYCFC hoodie/sweatshirt/jacket?,"The on-field stuff is mostly at the Yankee shop. Most sporting goods stores only have jerseys,T-shirt‚Äôs and hats",2019-09-25 03:38:28,"jersey, shirt"
122,Anyone know where in the city I can buy an NYCFC hoodie/sweatshirt/jacket?,Just come out to the game Wednesday,2019-09-25 04:00:59,
123,Anyone know where in the city I can buy an NYCFC hoodie/sweatshirt/jacket?,"I would, but I wouldn‚Äôt be able to get there until the second half.",2019-09-25 13:24:04,
124,Anyone know where in the city I can buy an NYCFC hoodie/sweatshirt/jacket?,There should be discounts today go to the stadium store,2019-09-25 12:55:21,
125,Anyone know where in the city I can buy an NYCFC hoodie/sweatshirt/jacket?,Models?,2019-09-25 16:35:59,
126,"This man today was on fire, but also would anyone know where I can get this T-shirt?",I also am interested. Gonna try my ticket rep.,2019-09-12 17:56:20,
127,"This man today was on fire, but also would anyone know where I can get this T-shirt?",Lmk what they say,2019-09-12 18:02:08,
128,"This man today was on fire, but also would anyone know where I can get this T-shirt?",So ticket rep got back to me and said that there has been some interest in the shirt. They are compiling a list of the people that have inquired. Then they are going let us know. If you are a season ticket holder reach out to your rep.,2019-09-13 17:38:03,shirt
129,"This man today was on fire, but also would anyone know where I can get this T-shirt?","Sounds good, thank you",2019-09-13 17:55:11,
130,"This man today was on fire, but also would anyone know where I can get this T-shirt?",Same I really want it,2019-09-12 19:24:35,
131,Looking for Match-Day pin from game vs RBNY on August 24,I have never seen those and I go to the shop almost every match. They did one for the first match at YS in year one. That‚Äôs the only one I saw.,2019-09-01 20:35:27,
132,Looking for Match-Day pin from game vs RBNY on August 24,"Oh I swore you guys did. Looking at my collection though the last NYCFC pin I got from two years ago just has both clubs logos and NY State, no text or date.

My mistake.",2019-09-01 20:43:45,
133,"Been trying to find a real Fitted Cap for awhile, finally found one. It arrived today, thought others would be interested.",Also check new era‚Äôs site. They have some as well.,2019-08-09 19:11:20,
134,"Been trying to find a real Fitted Cap for awhile, finally found one. It arrived today, thought others would be interested.",Timbs collab when?,2019-08-10 13:13:51,
135,"Been trying to find a real Fitted Cap for awhile, finally found one. It arrived today, thought others would be interested.",Nice,2019-08-09 18:32:51,
136,"Been trying to find a real Fitted Cap for awhile, finally found one. It arrived today, thought others would be interested.",They‚Äôre based out of Jersey if you want to get it in person.  Teaneck to be exact.,2019-08-10 00:52:12,
137,"Been trying to find a real Fitted Cap for awhile, finally found one. It arrived today, thought others would be interested.",Thank you! Getting.,2019-08-09 22:36:43,
138,"Been trying to find a real Fitted Cap for awhile, finally found one. It arrived today, thought others would be interested.",Yeah i slept on this and need to orden It too.,2019-08-09 23:48:22,
139,Anyone know places in Manhattan or Brooklyn that sell NYCFC jerseys?,Upper 90 has locations around the city,2019-08-04 02:03:05,
140,Anyone know places in Manhattan or Brooklyn that sell NYCFC jerseys?,The Brooklyn location is only a short walk. Thank you!,2019-08-04 02:16:31,
141,Anyone know places in Manhattan or Brooklyn that sell NYCFC jerseys?,Adidas store on 46th street and 5th Avenue in Manhattan,2019-08-04 01:45:48,
142,Anyone know places in Manhattan or Brooklyn that sell NYCFC jerseys?,"Awesome, thanks!",2019-08-04 01:47:27,
143,Anyone know places in Manhattan or Brooklyn that sell NYCFC jerseys?,Adidas broadway and Houston,2019-08-04 02:04:20,
144,Anyone know places in Manhattan or Brooklyn that sell NYCFC jerseys?,Pretty much every Modell's sells one,2019-08-06 18:14:50,
145,Pin Swaps,Have a few extra Manhattan pins looking to trade for Bronx or Staten Island. PM me if interested,2019-07-31 02:04:38,
146,Pin Swaps,"Looking to buy PayPal/Venmo Staten Island, Brooklyn, or Queens. Thanks :)",2019-08-09 02:24:07,
147,Pin Swaps,Got Brooklyn. PM me.,2019-08-18 03:47:29,
148,Pin Swaps,"I'm looking for a Manhattan pin, would be willing to swap an extra Staten Island for it.

Edit: found someone, thanks everyone",2019-07-29 21:55:52,
149,Pin Swaps,I have an extra manhattan I can trade for a staten island. PM me!,2019-07-31 02:03:53,
150,Pin Swaps,THANK YOU,2019-07-30 02:05:35,
151,Pin Swaps,I'm looking for the bronx pins üëÄ willing to venmo,2019-07-30 14:56:12,
152,Pin Swaps,Would venmo for a Queens pin if anyone has an extra!,2019-07-30 22:58:45,
153,Pin Swaps,Queens pins don't go out until the match against the Crew on 8/21.,2019-07-31 21:26:22,
154,Pin Swaps,Manhattan looking for Staten Island...,2019-08-02 20:34:22,
155,Pin Swaps,"Have a Manhattan, looking for a Queens!",2019-08-04 07:14:53,
156,Pin Swaps,Keep looking!,2019-08-18 03:45:25,
157,Pin Swaps,I have an extra Manhattan pin.  Would love to trade for Staten Island or Bronx. Please and thank you!,2019-08-07 23:10:02,
158,Pin Swaps,I'm looking for a Manhattan pin. Don't have any extra to swap but would be willing to buy one if anyone has any extras.,2019-08-07 23:44:17,
159,Pin Swaps,I got an extra if you want.,2019-08-09 00:06:31,
160,Pin Swaps,"Would love a Brooklyn pin, can PayPal/CashApp.

Edit: FOUND SOMEONE! Thanks wonderful person!",2019-08-09 01:39:21,
161,Pin Swaps,Got one. PM me.,2019-08-18 03:47:00,
162,Pin Swaps,looking for a Staten Island pin. Have an extra Brooklyn/Manhattan and would be willing to venmo!,2019-08-09 19:16:48,
163,Pin Swaps,Looking for Bronx and Brooklyn pins. Have some extra staten island pins i'm looking to do without.,2019-08-12 15:25:18,
164,Pin Swaps,"Looking for a Bronx Pin, have a spare Manhattan or Brooklyn to trade.",2019-08-13 22:02:14,
165,Pin Swaps,Any one have an extra Staten Island pin?,2019-08-19 23:07:05,
166,Pin Swaps,"Got Queens, Staten Island, or Manhattan for a Bronx",2019-08-22 02:31:57,
167,Pin Swaps,Looking for a Queens pin. Willing to trade for a Staten Island pin and/or venmo.,2019-08-22 05:32:40,
168,Pin Swaps,"What's the going rate on a Brooklyn pin? I couldn't use my season ticket that night because of a wake, but I'd love to complete my set. Happy to meet up at a game.",2019-08-24 20:21:44,
169,Anyone know where i can find the parley jersey?,I have a large for sale.,2019-06-01 19:55:39,
170,Anyone know where i can find the parley jersey?,How much?,2019-06-01 23:22:01,
171,Anywhere to buy a Heber jersey or do I need to do a custom one with his name on it?,I think Fanatics sells them but you‚Äôd need to get it custom.,2019-05-19 01:13:55,
172,NYCFC Parley Jerseys are up on Adidas.com (S/M/L),"Until we don't play a cursed match in these things, I ain't touching one with someone else's hands.",2019-04-11 13:37:37,
173,NYCFC Parley Jerseys are up on Adidas.com (S/M/L),"if we lose in these this year, we won't know if it's because curse or because we are bad.",2019-04-11 16:20:10,
174,NYCFC Parley Jerseys are up on Adidas.com (S/M/L),MESQUITESD18 gets 15% off and free shipping,2019-04-11 15:19:46,
175,NYCFC Parley Jerseys are up on Adidas.com (S/M/L),"Nice - copped a small one of these from the adidas store, and 15% off just for signing up for emails...",2019-04-11 14:27:07,
176,NYCFC Parley Jerseys are up on Adidas.com (S/M/L),They are cursed which makes me glad that they hate fat people (I can‚Äôt get it if it‚Äôs not in my size).,2019-04-11 17:29:05,
177,NYCFC Parley Jerseys are up on Adidas.com (S/M/L),Do these fit like this season's kits or last season's kits? Anyone know?,2019-04-11 14:02:20,
178,NYCFC Parley Jerseys are up on Adidas.com (S/M/L),One would imagine so. I mean it‚Äôs not a different manufacturer.,2019-04-11 17:29:41,
179,NYCFC Parley Jerseys are up on Adidas.com (S/M/L),Such a nice kit. I'll be wearing it at least twice this year hopefully depending on the weather.,2019-04-11 16:58:01,
180,NYCFC Parley Jerseys are up on Adidas.com (S/M/L),Wtf how are these sold out already?? Not like im trying to buy a pair of jeezys or something,2019-04-11 18:09:15,
181,NYCFC Parley Jerseys are up on Adidas.com (S/M/L),"‚ÄúJeezys‚Äù,   lord.....",2019-04-12 17:05:06,
182,NYCFC Parley Jerseys are up on Adidas.com (S/M/L),They only have mediums and smalls left now. Anyone know how small the mediums are or if someone who usually wears a large could fit into a medium?,2019-04-11 23:43:30,
183,NYCFC Parley Jerseys are up on Adidas.com (S/M/L),"Nvm. Mediums are gone now, no way I can fit into a small I‚Äôm guessing. Anyone know if adidas/mls store restock at any point?",2019-04-11 23:57:29,
184,NYCFC Parley Jerseys are up on Adidas.com (S/M/L),There are only a handful in the Adidas store in Soho left.,2019-04-12 17:43:58,
185,NYCFC Parley Jerseys are up on Adidas.com (S/M/L),I wish this league would stop with these. Or at least make them look good with some variety. So ugly and plain and boring.,2019-04-11 15:25:37,
186,NYCFC Parley Jerseys are up on Adidas.com (S/M/L),i like plain,2019-04-11 15:42:11,
187,NYCFC Parley Jerseys are up on Adidas.com (S/M/L),I agree it‚Äôs typically adidas bullshit same league new year old bullshit,2019-04-11 19:35:58,
188,NYCFC Parley Jerseys are up on Adidas.com (S/M/L),They sold out in like ten seconds I have talked to numerous Third Rail members and friends and I‚Äôm dying to know how many they actually sold or had made because I feel like nobody got them,2019-04-11 19:35:21,
189,Premium STH gift (automatic wine opener) arrived today,"I'll be quite honest. Without knowledge of what an electronic wine opener was, I think it was a vibrator or other sex device.

And I don't understanding the brown packaging? It that supposed to reference the shit football we play under Dome?",2019-03-07 21:39:43,
190,Premium STH gift (automatic wine opener) arrived today,"I was given one as a gift once. There slow, finicky and expensive. A $6 wine opener will do a better job and take up less space.",2019-03-07 22:41:57,
191,Premium STH gift (automatic wine opener) arrived today,Would be truly premium if it came with a bottle of Pirlo‚Äôs wine. ,2019-03-08 00:44:04,
192,Premium STH gift (automatic wine opener) arrived today,Just got mine in the mail. Unique gift to say the least but at least it's something. ,2019-03-07 20:55:51,
193,Premium STH gift (automatic wine opener) arrived today,How do they define Premium?  legends and up or champions and up?,2019-03-07 21:18:19,
194,Premium STH gift (automatic wine opener) arrived today,Do all STHs get this? Or some subset? ,2019-03-07 22:48:28,
195,Premium STH gift (automatic wine opener) arrived today,"Hold up, *premium* STH? Who the fuck is designated as premium?",2019-03-08 02:49:21,
196,Premium STH gift (automatic wine opener) arrived today,"Images were pulled down?

Edit: Nevermind, the preview wasnt working but you had to click through and go to imgur's site.",2019-03-07 20:29:12,
197,Upper90 $40 Off Jersey Sale ($100+),Use the code SNOWDAY to make the discount appear.,2019-03-04 19:50:44,
198,Upper90 $40 Off Jersey Sale ($100+),"AMAZING! Ordered a Jersey Today :) 
**Thank you!!!!**",2019-03-04 23:59:12,
199,Upper90 $40 Off Jersey Sale ($100+),"yep. got me one as well. saw the deal and was like....no way: our next home jersey for the next two years! at the price of a replica! leaving it blank for now, but saw the quality in person at the adidas store. the orange really pops on this one",2019-03-05 00:16:10,jersey
200,Upper90 $40 Off Jersey Sale ($100+),Wow thanks! Ordered one hopefully be here in time for Sunday,2019-03-05 01:17:16,
201,Upper90 $40 Off Jersey Sale ($100+),you can also pick up in their store for free (that‚Äôs what I‚Äôm doing anyway),2019-03-05 01:19:59,
202,Upper90 $40 Off Jersey Sale ($100+),Can you get a customized one and still get$40 off? How long is this deal for? ,2019-03-05 00:17:27,
203,Upper90 $40 Off Jersey Sale ($100+),today. and yes,2019-03-05 00:20:33,
204,Upper90 $40 Off Jersey Sale ($100+),What's the difference between regular and authentic?,2019-03-05 01:49:35,
205,Upper90 $40 Off Jersey Sale ($100+),"authentic has the trim on the collar and sleeves, the pigeon on the jocktag, the flag on the back collar and is of a higher grade material. it‚Äôs also more slim fit",2019-03-05 03:05:53,
206,Upper90 $40 Off Jersey Sale ($100+),Wow good looks just ordered one. Going to pick it up from store,2019-03-05 05:23:31,
207,Upper90 $40 Off Jersey Sale ($100+),Luckily the promo code still worked today. Got my jersey! Thanks!,2019-03-05 14:15:22,jersey
208,Upper90 $40 Off Jersey Sale ($100+),I‚Äôm confused. For me it still says $120. Did you enter a promo code? ,2019-03-04 19:51:11,
209,Upper90 $40 Off Jersey Sale ($100+),Code SNOWDAY,2019-03-04 21:52:29,
210,"For anyone who was interested in the Mitri jersey, it‚Äôs been updated on the MLS store and appears it will contain the correct spelling of his name",But they still can‚Äôt fit Isi‚Äôs full name on his jersey lol,2019-02-21 15:40:34,jersey
211,2019 Home Jerseys,"Doesn't help answer your question, but our friends at NYCFC Nation tweeted [this](https://twitter.com/NYCFCNation/status/1091365715464966145) out almost 2 weeks ago now. No idea what the holdup is.",2019-02-11 19:49:35,
212,2019 Home Jerseys,"[**@NYCFCNation**](https://twitter.com/NYCFCNation/)

> [2019-02-01 16:00 +00:00](https://twitter.com/NYCFCNation/status/1091365715464966145)

> TFW you don‚Äôt want to wait until the ‚Äùofficial‚Äù NYCFC 2019 kit reveal so you have an unofficial one. 

> (Replica version pictured below) 

>[[Attached pic]](http://pbs.twimg.com/media/DyVPVC1UcAAOci-.jpg) [[Imgur rehost]](https://i.imgur.com/Ab3nQwL.jpg)

>[[Attached pic]](http://pbs.twimg.com/media/DyVPVC0UYAA6KvY.jpg) [[Imgur rehost]](https://i.imgur.com/t8iF5IO.jpg)

>[[Attached pic]](http://pbs.twimg.com/media/DyVPVDsUYAAQg3y.jpg) [[Imgur rehost]](https://i.imgur.com/1OLQ7IF.jpg)

>[[Attached pic]](http://pbs.twimg.com/media/DyVPVDuU8AA_Pe_.jpg) [[Imgur rehost]](https://i.imgur.com/JD2AKGq.jpg)

----

^This ^message ^was ^created ^by ^a ^bot

[^[Contact&#32;creator]](http://np.reddit.com/message/compose/?to=jasie3k&amp;subject=TweetsInCommentsBot)[^[Source&#32;code]](https://github.com/janpetryk/reddit-bot)[**^[Donate&#32;to&#32;support&#32;the&#32;author]**](https://www.paypal.com/pools/c/80YvGrbq35)
",2019-02-11 19:49:48,
213,2019 Home Jerseys,"Last few years the announcement was on or near February 7th, so I‚Äôm assuming any day now. I know we saw a leak of Maxi wearing it along with the new anthem jacket (already announced and shown) so I guess they‚Äôve already shot the announcement videos and are just waiting for their own timing. ",2019-02-11 19:20:54,jacket
214,2019 Home Jerseys,"I clicked this thinking they had just been announced, you‚Äôre killling me here.",2019-02-11 19:41:49,
215,2019 Home Jerseys,Definitely a step back from our 17/18 home jerseys. If they kept the accents on the shoulders and sleeves it would help so much. Fuck Adidas.,2019-02-13 15:35:51,jersey
216,Adidas no longer making long sleeve jerseys,This is dumb. I enjoy the long sleeve jerseys :-/ Adidas needs to lose this license soon...,2019-02-08 00:35:00,jersey
217,Adidas no longer making long sleeve jerseys,"Not gonna happen soon, but in 2024. Which is smart cuz we can renegotiate before the 2026 world cup.

https://www.mlssoccer.com/post/2017/08/02/major-league-soccer-and-adidas-extend-landmark-partnership-through-2024",2019-02-08 00:56:10,
218,Adidas no longer making long sleeve jerseys,These league wide contracts for kits are trash. ,2019-02-08 03:40:13,
219,Adidas no longer making long sleeve jerseys,I‚Äôm fine with this ,2019-02-08 04:32:37,
220,Adidas no longer making long sleeve jerseys,Wait so the keepers have to wear short sleeves?  Aren‚Äôt keeper jerseys always long sleeve?,2019-02-08 12:31:44,jersey
221,Two Authentic Jerseys For Sale,"Hey! I am very interested, could you message me?

&#x200B;",2019-01-30 00:25:07,
222,Two Authentic Jerseys For Sale,Sending one now. ,2019-01-30 00:36:22,
223,Two Authentic Jerseys For Sale,*Hey just noticed..* It's your **3rd Cakeday** MLSAces! ^(hug),2019-03-08 16:55:46,
224,Two Authentic Jerseys For Sale,"Hi, I‚Äôm also interested. If you could message me if they‚Äôre still available I would really appreciate it. ",2019-01-30 14:02:07,
225,Two Authentic Jerseys For Sale,Messaged,2019-01-30 14:07:05,
226,Two Authentic Jerseys For Sale,Still available if anyone's interested.,2019-02-05 00:50:20,
227,2019 NYCFC Travel Hoodie,I really hate the official bullshit,2019-01-28 20:25:21,
228,2019 NYCFC Travel Hoodie,"At least it's not *as* noticeable on the hoodie. Completely ruined the track jacket IMO. Don't know why they didn't list the boroughs or something instead of ""Official Garment.""",2019-01-28 21:07:29,jacket
229,2019 NYCFC Travel Hoodie,"Been needing a new hoodie. Looks like this is the one. That ""official"" crap is real dumb though. ",2019-01-28 22:01:40,
230,2019 NYCFC Travel Hoodie,Nice that it's not shit ,2019-01-29 03:35:46,
231,2019 Anthem Jacket Reveal,"The text on the sleeves looks bad, but if your gonna do it why wouldn't you make it the boroughs and not some dumb official line.",2019-01-22 18:45:59,
232,2019 Anthem Jacket Reveal,"I feel like the text on the sleeves is an Adidas thing

They do something similar on nmd's where it says ""The brand with 3 stripes"" on it in different languages",2019-01-22 18:54:50,
233,2019 Anthem Jacket Reveal,"Then they'll have to customize it for every club. I saw BWP wearing the RB jacket on ESPN FC and it says the same thing. That doesn't take away from the fact that it's ugly, though.",2019-01-23 13:22:10,jacket
234,2019 Anthem Jacket Reveal,I agree 100%. The whole ‚Äúofficial garment‚Äù thing is complete nonsense. ,2019-01-22 20:13:47,
235,2019 Anthem Jacket Reveal,Because adidas always finds a way to fuck up something good. ,2019-01-22 23:57:59,
236,2019 Anthem Jacket Reveal,Cool to finally see the new gear is starting to be unveiled! Can't wait until they show off the new jersey officially ,2019-01-22 18:52:24,jersey
237,2019 Anthem Jacket Reveal,I like this. Would have liked the boroughs on the sleeves but other than that good,2019-01-22 21:14:40,
238,2019 Anthem Jacket Reveal,I like the black training jersey that Daniel LaRoche is wearing. Where can I get that?,2019-01-23 00:19:23,jersey
239,2019 Anthem Jacket Reveal,Yeah adidas should really separate it's official team performance gear from it's Originals fashion oriented gear. Don't mix the two when it comes to official on the field gear.,2019-01-23 22:37:39,
240,Saw This On Twitter,Creator absolutely doesn't live in NYC or they wouldn't have mentioned times square,2018-12-31 07:23:11,
241,Saw This On Twitter,"It is amazing to me how people think anyone from New York goes there, other than for a show and to leave. Also the weirdest thing is Matarita claiming he constantly goes to times square to destress and people watch, literally no one does that.",2018-12-31 13:08:53,
242,Saw This On Twitter,"Also never would have referred to NYC as ""The Big Apple""",2018-12-31 17:49:34,
243,Saw This On Twitter,"It's still an iconic location. I think, if they wanted a subway map design for the kit they could've just done the Yankee Stadium location since that's where they currently play.

Still think the kit looks cool.",2018-12-31 13:47:55,
244,Saw This On Twitter,[deleted],2018-12-31 05:28:19,
245,Saw This On Twitter,The dissrespek,2018-12-31 08:20:27,
246,Saw This On Twitter,"Props for knowing about the Vignelli map, it‚Äôs a work of art; but I just vomited when I heard Times Square was an important landmark, fuck this guy",2018-12-31 08:13:28,
247,Saw This On Twitter,"Personally I think this would be an outstanding jersey.

https://www.behance.net/gallery/74270757/NYCFC-x-Nike-City-Edition",2018-12-31 04:55:39,jersey
248,Saw This On Twitter,"Now **this** would be a dope ass NYC-specific Jersey. They should be this all day every day. Let‚Äôs get some train graffiti for one, maybe a Five Points mural. ",2018-12-31 14:28:10,
249,Saw This On Twitter,It‚Äôs a shame that this probably won‚Äôt be used in games since it‚Äôs a Nike shirt,2018-12-31 06:06:50,shirt
250,Saw This On Twitter,"If people are going to make their own kit designs, they should...

&#x200B;

1) At least use adidas, because that's the MLS manufacturer

&#x200B;

2) Always use the proper Etihad logo, because that's the only logo we'll see on an NYCFC kit (unless they merge with Emirates)",2018-12-31 05:22:50,
251,Saw This On Twitter,The article explains #2,2018-12-31 11:50:32,
252,Saw This On Twitter,Or maybe they wanted to do something without the adidas stuff for a change? The fact adidas is the entire mls producer is weird as fuck lol,2018-12-31 09:31:24,
253,Saw This On Twitter,No,2018-12-31 16:35:50,
254,Saw This On Twitter,It‚Äôs nice. Amazingly fake and never to be made but nice.  ,2018-12-31 13:40:35,
255,Saw This On Twitter,This is outstanding.,2018-12-31 13:09:26,
256,Saw This On Twitter,"I'd love if we were actually able to do a collab with Nike 

I'd love to buy one of these",2018-12-31 14:15:49,
257,Saw This On Twitter,"So fresh, so clean. Please be real.",2018-12-31 15:10:48,
258,Saw This On Twitter,"I'll be that guy - yes, Times Square is insanely touristy and terrible for so many reasons.

But it is one of the most iconic places on earth - yes, for many bad reasons, but it's very rare for a city to have something so universally recognized.

And as far as public transit, it's pretty incredible how many trains you can get there.  Anyone who's ever lived in another city and ever had to rely on public transit can attest to how useful it is to have a main transfer hub.  Even if it's crowded and kind of annoying to get around, I'll take it any day over having a system where all the lines only converge on the main downtown area.",2019-01-03 15:51:31,
259,Saw This On Twitter,"It‚Äôs a great design, but I just can‚Äôt buy/wear NYCFC merch when it‚Äôs for the gross logo of an Emirati company across its chest. I loved in Sri Lanka for a while and the horror stories of South Asians living in effective slavery in the Emirates have permanently put me off. ",2018-12-31 16:51:18,merch
260,HEADS UP! Jersey Sale At Fanatics.,"Just so everyone knows, pretty much all sites that sell mls goods come from the same stock and [Fans Edge](https://www.fansedge.com/) is the only one that has great sales regularly. Right now it‚Äôs the same sale but they have 30% off all the time and I have never paid full price for an NYCFC jersey. If you don‚Äôt believe me find an item with limited stock and then check them on other websites.

For example, this shirt. Three sites, all only medium, almost exact same price.

[Fans Edge](https://www.fansedge.com/adidas-navy-new-york-red-bulls-vs-new-york-city-fc-matchup-short-sleeve-t-shirt/p-2106597)

[Official MLS](https://www.mlsstore.com/mens-adidas-navy-new-york-red-bulls-vs-new-york-city-fc-matchup-short-sleeve-t-shirt/p-46349928834330+z-74-2534651172)

[Fanatics](https://www.fanatics.com/mls/new-york-city-fc/adidas-new-york-red-bulls-vs-new-york-city-fc-matchup-short-sleeve-t-shirt-navy/o-4600+t-69560243+p-80563340993+z-9-3250900909)",2018-11-25 16:32:06,"jersey, shirt"
261,HEADS UP! Jersey Sale At Fanatics.,It looks like the same sale MLSstore.com has been having for the last few days. ,2018-11-25 14:31:54,
262,HEADS UP! Jersey Sale At Fanatics.,The grey jerseys are $10 cheaper than on mls store,2018-11-25 17:07:21,jersey
263,HEADS UP! Jersey Sale At Fanatics.,"I'm not sure if this type of thread is allowed (if not, please feel free to delete) but Fanatics is having a 30% sale on all jersey's.  

I've been looking for the secondary Gray replica and they're going for $59.49 a pop.

Sale ends today.",2018-11-25 14:14:46,jersey
264,HEADS UP! Jersey Sale At Fanatics.,"Guys seriously just get the ‚ÄúPlayers Version‚Äù ones from DHGate, they‚Äôre as good as authentic for 20 dollars. ",2018-11-25 17:42:35,
